Titulo,Vistas,Likes,Comentarios,Fecha,Tags,Popularidades,Generos
Top 50 Songs Global 2024 üåç,290106,2160,19,2024-08-02T13:30:18Z,[],26,[]
Zach Bryan - I Remember Everything (feat. Kacey Musgraves),70548720,314307,7643,2023-08-25T04:00:31Z,[],86,['classic oklahoma country']
Without Me Song,217,0,0,2019-01-09T23:41:26Z,[],1,[]
Tate McRae - greedy (Official Video),167339424,1434213,23527,2023-09-15T04:00:09Z,"['#greedy', '#OfficialVideo']",85,['pop']
Taki Taki Song,558,5,0,2019-01-09T23:40:23Z,[],1,[]
Jack Harlow - Lovin On Me [Official Music Video],155893054,1373217,25315,2023-11-10T05:00:08Z,['#LovinOnMe'],80,"['deep underground hip hop', 'hip hop', 'kentucky hip hop', 'pop rap', 'rap']"
Sunflower (Spider-Man Song),716,1,0,2019-01-09T23:40:22Z,[],2,[]
Post Malone - Losers (Lyric Video) ft. Jelly Roll,8308637,148559,5326,2024-08-16T04:00:42Z,"['#jellyroll', '#losers\n\n¬©']",74,"['dfw rap', 'melodic rap', 'pop', 'rap']"
"Thank U, Next Song",298,1,0,2019-01-09T23:40:23Z,[],1,[]
Post Malone ft. Blake Shelton - Pour Me A Drink (Official Video),29157536,337368,10525,2024-06-24T14:00:06Z,"['#BlakeShelton', '#PourMeADrink\n\n¬©']",70,"['dfw rap', 'melodic rap', 'pop', 'rap']"
Wow Song,332,3,0,2019-01-09T23:40:23Z,[],1,[]
Tate McRae - greedy (Official Video),167339424,1434213,23527,2023-09-15T04:00:09Z,"['#greedy', '#OfficialVideo']",63,['pop']
Ciao Ciao (2021 Summer Hit Mix),551,2,0,2021-06-22T18:57:29Z,[],1,[]
Tate McRae - greedy (Official Video),167339424,1434213,23527,2023-09-15T04:00:09Z,"['#greedy', '#OfficialVideo']",60,['pop']
L'amour Toujours (I'll Fly with You) (In My Mind Mashup),2703,33,0,2021-06-22T18:57:31Z,[],0,[]
Zach Bryan - I Remember Everything (feat. Kacey Musgraves),70548720,314307,7643,2023-08-25T04:00:31Z,[],55,['classic oklahoma country']
Telepat√≠a (Bob Montero House Remix Edit),234,8,0,2021-04-27T00:25:42Z,[],0,"[""children's story""]"
keshi - Requiem (Official Visualizer),176248,3687,143,2024-09-13T04:00:02Z,['#Requiem'],58,['chill r&b']
Kill Bill (Escapism Drum & Bass Remix),276,4,0,2023-03-29T08:19:02Z,[],0,[]
Doja Cat - Paint The Town Red (Official Video),292710979,2995648,133195,2023-08-04T04:00:33Z,"['#PaintTheTownRed', '#Scarlet']",45,"['dance pop', 'pop']"
Top 50 (Global),1103,1,0,2023-03-02T10:01:04Z,[],0,[]
Post Malone - Losers (Lyric Video) ft. Jelly Roll,8308637,148559,5326,2024-08-16T04:00:42Z,"['#jellyroll', '#losers\n\n¬©']",38,"['dfw rap', 'melodic rap', 'pop', 'rap']"
Global Top 50,1213,3,0,2024-04-05T15:45:17Z,[],0,[]
Doja Cat - Paint The Town Red (Official Video),292710979,2995648,133195,2023-08-04T04:00:33Z,"['#PaintTheTownRed', '#Scarlet']",40,"['dance pop', 'pop']"
Top of the World,40,0,0,2015-03-13T14:00:43Z,[],0,[]
Jordan Adetunji - KEHLANI REMIX (feat. Kehlani) [Official Video],37091519,427752,7916,2024-08-02T14:00:06Z,"['#Kehlani', '#OfficialVideo']",41,['irish hip hop']
Global Dance (Special Mix),15,0,0,2018-08-11T08:00:35Z,[],0,[]
Zach Bryan - I Remember Everything (feat. Kacey Musgraves),70548720,314307,7643,2023-08-25T04:00:31Z,[],31,['classic oklahoma country']
KhoMha - 507 (Original Mix),51789,541,30,2011-09-15T07:32:16Z,[],0,"['deep uplifting trance', 'progressive house', 'trance', 'uplifting trance']"
Lucky Daye - Top (Official Audio),104058,2056,108,2024-06-28T04:00:30Z,[],28,"['alternative r&b', 'r&b']"
KhoMha - 507 (Original Mix),51789,541,30,2011-09-15T07:32:16Z,[],0,"['deep uplifting trance', 'progressive house', 'trance', 'uplifting trance']"
Global Energy (Radio Cut),64,1,0,2015-11-24T05:46:56Z,[],0,[]
BLESSD ‚ùå OVY ON THE DRUMS - M√çRAME üíúüëÄ (VIDEO OFICIAL),195165606,638188,13475,2024-04-17T23:00:07Z,[],37,"['reggaeton', 'urbano latino']"
GAIA - Status Excessu D (ASOT 500 Anthem) [Official Music Video],2065626,15434,1104,2011-03-16T10:11:54Z,[],0,"['trance', 'uplifting trance']"
keshi - Requiem (Official Visualizer),176248,3687,143,2024-09-13T04:00:02Z,['#Requiem'],29,['chill r&b']
Global sound Players - Mental distortion,1040,3,0,2008-09-23T18:11:33Z,[],0,[]
"Noah Kahan, Kacey Musgraves - She Calls Me Back (Official Lyric Video)",1802119,9164,215,2023-10-06T04:00:28Z,[],24,"['pov: indie', 'singer-songwriter pop']"
No Time To Die,128,2,0,2021-03-08T10:01:19Z,[],2,[]
Zach Bryan - I Remember Everything (feat. Kacey Musgraves),70548720,314307,7643,2023-08-25T04:00:31Z,[],15,['classic oklahoma country']
Danger (Mike Nero Hardtek Mix),153,1,0,2018-07-04T22:02:19Z,[],0,[]
Zach Bryan - Pink Skies,2102920,16932,1000,2024-07-04T04:00:34Z,[],30,['classic oklahoma country']
Danger (Mike Nero Hardtek Mix),153,1,0,2018-07-04T22:02:19Z,[],0,[]
Zach Bryan - I Remember Everything (feat. Kacey Musgraves),70548720,314307,7643,2023-08-25T04:00:31Z,[],22,['classic oklahoma country']
Danger (Mike Nero Hardtek Mix),153,1,0,2018-07-04T22:02:19Z,[],0,[]
Zach Bryan - I Remember Everything (feat. Kacey Musgraves),70548720,314307,7643,2023-08-25T04:00:31Z,[],25,['classic oklahoma country']
Tech Trek and Myk Bee - Things I Am Not Proud Of (Global Influence Remix),136,8,0,2023-06-01T16:54:01Z,[],0,[]
Lil Uzi Vert - Flooded The Face [Official Audio],7362388,112845,4939,2023-06-30T04:00:18Z,"['#LilUziVert', '#PinkTape\n\nSubscribe']",14,"['hip hop', 'melodic rap', 'philly rap', 'rage rap', 'rap', 'trap']"
Nico Otten feat. Crystal Blakk - sweetest silence (Rene Ablaze & Global Influence Remix),5455,82,7,2013-10-20T00:54:07Z,[],0,[]
Jack Harlow - Lovin On Me [Official Music Video],155893804,1373217,25315,2023-11-10T05:00:08Z,['#LovinOnMe'],23,"['deep underground hip hop', 'hip hop', 'kentucky hip hop', 'pop rap', 'rap']"
Used to Be Young (Calvin's Eras Tour Mix),157,1,0,2024-07-18T01:06:05Z,[],0,[]
